decision_id,name,record_id,revision,event_at,published_at,ingested_at,available_at,value
SME-A-10,mean_inflow_7d,refund,1,2026-02-05T00:00:00.000000+00:00,2026-02-05T00:00:00.000000+00:00,2026-02-05T00:00:00.000000+00:00,2026-02-05T00:00:00.000000+00:00,-200.0
SME-A-10,mean_inflow_7d,recent,1,2026-02-08T00:00:00.000000+00:00,2026-02-09T00:00:00.000000+00:00,2026-02-09T00:00:00.000000+00:00,2026-02-09T00:00:00.000000+00:00,500.0
SME-A-10,net_inflow_30d,boundary,1,2026-01-11T18:00:00.000000+00:00,2026-01-11T18:00:00.000000+00:00,2026-01-11T18:00:00.000000+00:00,2026-01-11T18:00:00.000000+00:00,200.0
SME-A-10,net_inflow_30d,cash-v1,1,2026-02-01T00:00:00.000000+00:00,2026-02-01T00:00:00.000000+00:00,2026-02-01T00:00:00.000000+00:00,2026-02-01T00:00:00.000000+00:00,1000.0
SME-A-10,net_inflow_30d,refund,1,2026-02-05T00:00:00.000000+00:00,2026-02-05T00:00:00.000000+00:00,2026-02-05T00:00:00.000000+00:00,2026-02-05T00:00:00.000000+00:00,-200.0
SME-A-10,net_inflow_30d,recent,1,2026-02-08T00:00:00.000000+00:00,2026-02-09T00:00:00.000000+00:00,2026-02-09T00:00:00.000000+00:00,2026-02-09T00:00:00.000000+00:00,500.0
SME-A-10,observations_30d,boundary,1,2026-01-11T18:00:00.000000+00:00,2026-01-11T18:00:00.000000+00:00,2026-01-11T18:00:00.000000+00:00,2026-01-11T18:00:00.000000+00:00,200.0
SME-A-10,observations_30d,cash-v1,1,2026-02-01T00:00:00.000000+00:00,2026-02-01T00:00:00.000000+00:00,2026-02-01T00:00:00.000000+00:00,2026-02-01T00:00:00.000000+00:00,1000.0
SME-A-10,observations_30d,refund,1,2026-02-05T00:00:00.000000+00:00,2026-02-05T00:00:00.000000+00:00,2026-02-05T00:00:00.000000+00:00,2026-02-05T00:00:00.000000+00:00,-200.0
SME-A-10,observations_30d,recent,1,2026-02-08T00:00:00.000000+00:00,2026-02-09T00:00:00.000000+00:00,2026-02-09T00:00:00.000000+00:00,2026-02-09T00:00:00.000000+00:00,500.0
SME-A-11,mean_inflow_7d,refund,1,2026-02-05T00:00:00.000000+00:00,2026-02-05T00:00:00.000000+00:00,2026-02-05T00:00:00.000000+00:00,2026-02-05T00:00:00.000000+00:00,-200.0
SME-A-11,mean_inflow_7d,recent,1,2026-02-08T00:00:00.000000+00:00,2026-02-09T00:00:00.000000+00:00,2026-02-09T00:00:00.000000+00:00,2026-02-09T00:00:00.000000+00:00,500.0
SME-A-11,net_inflow_30d,cash-v2,2,2026-02-01T00:00:00.000000+00:00,2026-02-11T00:00:00.000000+00:00,2026-02-11T00:00:00.000000+00:00,2026-02-11T00:00:00.000000+00:00,4000.0
SME-A-11,net_inflow_30d,refund,1,2026-02-05T00:00:00.000000+00:00,2026-02-05T00:00:00.000000+00:00,2026-02-05T00:00:00.000000+00:00,2026-02-05T00:00:00.000000+00:00,-200.0
SME-A-11,net_inflow_30d,recent,1,2026-02-08T00:00:00.000000+00:00,2026-02-09T00:00:00.000000+00:00,2026-02-09T00:00:00.000000+00:00,2026-02-09T00:00:00.000000+00:00,500.0
SME-A-11,observations_30d,cash-v2,2,2026-02-01T00:00:00.000000+00:00,2026-02-11T00:00:00.000000+00:00,2026-02-11T00:00:00.000000+00:00,2026-02-11T00:00:00.000000+00:00,4000.0
SME-A-11,observations_30d,refund,1,2026-02-05T00:00:00.000000+00:00,2026-02-05T00:00:00.000000+00:00,2026-02-05T00:00:00.000000+00:00,2026-02-05T00:00:00.000000+00:00,-200.0
SME-A-11,observations_30d,recent,1,2026-02-08T00:00:00.000000+00:00,2026-02-09T00:00:00.000000+00:00,2026-02-09T00:00:00.000000+00:00,2026-02-09T00:00:00.000000+00:00,500.0
SME-A-12,mean_inflow_7d,recent,1,2026-02-08T00:00:00.000000+00:00,2026-02-09T00:00:00.000000+00:00,2026-02-09T00:00:00.000000+00:00,2026-02-09T00:00:00.000000+00:00,500.0
SME-A-12,mean_inflow_7d,late,1,2026-02-09T00:00:00.000000+00:00,2026-02-12T00:00:00.000000+00:00,2026-02-12T00:00:00.000000+00:00,2026-02-12T00:00:00.000000+00:00,2000.0
SME-A-12,net_inflow_30d,cash-v2,2,2026-02-01T00:00:00.000000+00:00,2026-02-11T00:00:00.000000+00:00,2026-02-11T00:00:00.000000+00:00,2026-02-11T00:00:00.000000+00:00,4000.0
SME-A-12,net_inflow_30d,refund,1,2026-02-05T00:00:00.000000+00:00,2026-02-05T00:00:00.000000+00:00,2026-02-05T00:00:00.000000+00:00,2026-02-05T00:00:00.000000+00:00,-200.0
SME-A-12,net_inflow_30d,recent,1,2026-02-08T00:00:00.000000+00:00,2026-02-09T00:00:00.000000+00:00,2026-02-09T00:00:00.000000+00:00,2026-02-09T00:00:00.000000+00:00,500.0
SME-A-12,net_inflow_30d,late,1,2026-02-09T00:00:00.000000+00:00,2026-02-12T00:00:00.000000+00:00,2026-02-12T00:00:00.000000+00:00,2026-02-12T00:00:00.000000+00:00,2000.0
SME-A-12,observations_30d,cash-v2,2,2026-02-01T00:00:00.000000+00:00,2026-02-11T00:00:00.000000+00:00,2026-02-11T00:00:00.000000+00:00,2026-02-11T00:00:00.000000+00:00,4000.0
SME-A-12,observations_30d,refund,1,2026-02-05T00:00:00.000000+00:00,2026-02-05T00:00:00.000000+00:00,2026-02-05T00:00:00.000000+00:00,2026-02-05T00:00:00.000000+00:00,-200.0
SME-A-12,observations_30d,recent,1,2026-02-08T00:00:00.000000+00:00,2026-02-09T00:00:00.000000+00:00,2026-02-09T00:00:00.000000+00:00,2026-02-09T00:00:00.000000+00:00,500.0
SME-A-12,observations_30d,late,1,2026-02-09T00:00:00.000000+00:00,2026-02-12T00:00:00.000000+00:00,2026-02-12T00:00:00.000000+00:00,2026-02-12T00:00:00.000000+00:00,2000.0
