decision_id,source,feature,safe_record_id,safe_value,safe_status,unsafe_record_id,unsafe_value,unsafe_uses_future_knowledge,different_selection
SME-A-1,bank,net_inflow,,,no_history,,,False,False
SME-A-1,tax,invoice_revenue,,,not_available,tax-a-v2,180000,True,True
SME-A-1,utility,kwh,power-a,1800.0,selected,power-a,1800,False,False
SME-A-2,bank,net_inflow,cash-a,50000.0,selected,cash-a-delete,,True,True
SME-A-2,tax,invoice_revenue,tax-a-v1,100000.0,selected,tax-a-v2,180000,True,True
SME-A-2,utility,kwh,power-a,1800.0,selected,power-a,1800,False,False
SME-A-3,bank,net_inflow,,,deleted,cash-a-delete,,False,True
SME-A-3,tax,invoice_revenue,tax-a-v1,100000.0,selected,tax-a-v2,180000,True,True
SME-A-3,utility,kwh,power-a,1800.0,selected,power-a,1800,False,False
SME-A-4,bank,net_inflow,,,deleted,cash-a-delete,,False,True
SME-A-4,tax,invoice_revenue,tax-a-v2,180000.0,selected,tax-a-feb,220000,True,True
SME-A-4,utility,kwh,power-a,1800.0,selected,power-a,1800,False,False
SME-A-5,bank,net_inflow,,,deleted,cash-a-delete,,False,True
SME-A-5,tax,invoice_revenue,tax-a-feb,220000.0,selected,tax-a-feb,220000,False,False
SME-A-5,utility,kwh,,,stale,power-a,1800,False,True
SME-B-1,bank,net_inflow,,,no_history,,,False,False
SME-B-1,tax,invoice_revenue,,,not_available,tax-b,90000,True,True
SME-B-1,utility,kwh,,,stale,power-b,1300,True,True
SME-B-2,bank,net_inflow,cash-b-v2,30000.0,selected,cash-b-v2,30000,False,False
SME-B-2,tax,invoice_revenue,,,not_available,tax-b,90000,True,True
SME-B-2,utility,kwh,,,stale,power-b,1300,True,True
SME-B-3,bank,net_inflow,cash-b-v2,30000.0,selected,cash-b-v2,30000,False,False
SME-B-3,tax,invoice_revenue,,,not_available,tax-b,90000,True,True
SME-B-3,utility,kwh,,,stale,power-b,1300,True,True
SME-B-4,bank,net_inflow,cash-b-v2,30000.0,selected,cash-b-v2,30000,False,False
SME-B-4,tax,invoice_revenue,tax-b,90000.0,selected,tax-b,90000,False,False
SME-B-4,utility,kwh,power-b,1300.0,selected,power-b,1300,False,False
SME-B-5,bank,net_inflow,cash-b-v2,30000.0,selected,cash-b-v2,30000,False,False
SME-B-5,tax,invoice_revenue,tax-b,90000.0,selected,tax-b,90000,False,False
SME-B-5,utility,kwh,,,stale,power-b,1300,False,True
SME-C-1,bank,net_inflow,,,no_history,,,False,False
SME-C-1,tax,invoice_revenue,,,no_history,,,False,False
SME-C-1,utility,kwh,,,no_history,,,False,False
SME-C-2,bank,net_inflow,,,no_history,,,False,False
SME-C-2,tax,invoice_revenue,,,no_history,,,False,False
SME-C-2,utility,kwh,,,no_history,,,False,False
SME-C-3,bank,net_inflow,,,no_history,,,False,False
SME-C-3,tax,invoice_revenue,,,no_history,,,False,False
SME-C-3,utility,kwh,,,no_history,,,False,False
SME-C-4,bank,net_inflow,,,no_history,,,False,False
SME-C-4,tax,invoice_revenue,,,no_history,,,False,False
SME-C-4,utility,kwh,,,no_history,,,False,False
SME-C-5,bank,net_inflow,,,no_history,,,False,False
SME-C-5,tax,invoice_revenue,,,no_history,,,False,False
SME-C-5,utility,kwh,,,no_history,,,False,False
