decision_id,entity_id,decision_at,source,feature,value,status,record_id,revision,event_at,published_at,ingested_at,available_at
SME-A-1,SME-A,2026-02-04T00:00:00.000000+00:00,bank,net_inflow,,no_history,,,,,,
SME-A-1,SME-A,2026-02-04T00:00:00.000000+00:00,tax,invoice_revenue,,not_available,,,,,,
SME-A-1,SME-A,2026-02-04T00:00:00.000000+00:00,utility,kwh,1800.0,selected,power-a,1,2026-02-01T00:00:00.000000+00:00,2026-02-02T00:00:00.000000+00:00,2026-02-03T00:00:00.000000+00:00,2026-02-03T00:00:00.000000+00:00
SME-A-2,SME-A,2026-02-15T00:00:00.000000+00:00,bank,net_inflow,50000.0,selected,cash-a,1,2026-02-10T00:00:00.000000+00:00,2026-02-10T00:00:00.000000+00:00,2026-02-11T00:00:00.000000+00:00,2026-02-11T00:00:00.000000+00:00
SME-A-2,SME-A,2026-02-15T00:00:00.000000+00:00,tax,invoice_revenue,100000.0,selected,tax-a-v1,1,2026-01-31T00:00:00.000000+00:00,2026-02-05T00:00:00.000000+00:00,2026-02-06T00:00:00.000000+00:00,2026-02-06T00:00:00.000000+00:00
SME-A-2,SME-A,2026-02-15T00:00:00.000000+00:00,utility,kwh,1800.0,selected,power-a,1,2026-02-01T00:00:00.000000+00:00,2026-02-02T00:00:00.000000+00:00,2026-02-03T00:00:00.000000+00:00,2026-02-03T00:00:00.000000+00:00
SME-A-3,SME-A,2026-02-20T00:00:00.000000+00:00,bank,net_inflow,,deleted,,,,,,
SME-A-3,SME-A,2026-02-20T00:00:00.000000+00:00,tax,invoice_revenue,100000.0,selected,tax-a-v1,1,2026-01-31T00:00:00.000000+00:00,2026-02-05T00:00:00.000000+00:00,2026-02-06T00:00:00.000000+00:00,2026-02-06T00:00:00.000000+00:00
SME-A-3,SME-A,2026-02-20T00:00:00.000000+00:00,utility,kwh,1800.0,selected,power-a,1,2026-02-01T00:00:00.000000+00:00,2026-02-02T00:00:00.000000+00:00,2026-02-03T00:00:00.000000+00:00,2026-02-03T00:00:00.000000+00:00
SME-A-4,SME-A,2026-03-15T00:00:00.000000+00:00,bank,net_inflow,,deleted,,,,,,
SME-A-4,SME-A,2026-03-15T00:00:00.000000+00:00,tax,invoice_revenue,180000.0,selected,tax-a-v2,2,2026-01-31T00:00:00.000000+00:00,2026-03-10T00:00:00.000000+00:00,2026-03-11T00:00:00.000000+00:00,2026-03-11T00:00:00.000000+00:00
SME-A-4,SME-A,2026-03-15T00:00:00.000000+00:00,utility,kwh,1800.0,selected,power-a,1,2026-02-01T00:00:00.000000+00:00,2026-02-02T00:00:00.000000+00:00,2026-02-03T00:00:00.000000+00:00,2026-02-03T00:00:00.000000+00:00
SME-A-5,SME-A,2026-03-25T00:00:00.000000+00:00,bank,net_inflow,,deleted,,,,,,
SME-A-5,SME-A,2026-03-25T00:00:00.000000+00:00,tax,invoice_revenue,220000.0,selected,tax-a-feb,1,2026-02-28T00:00:00.000000+00:00,2026-03-05T00:00:00.000000+00:00,2026-03-20T00:00:00.000000+00:00,2026-03-20T00:00:00.000000+00:00
SME-A-5,SME-A,2026-03-25T00:00:00.000000+00:00,utility,kwh,,stale,,,,,,
SME-B-1,SME-B,2026-02-04T00:00:00.000000+00:00,bank,net_inflow,,no_history,,,,,,
SME-B-1,SME-B,2026-02-04T00:00:00.000000+00:00,tax,invoice_revenue,,not_available,,,,,,
SME-B-1,SME-B,2026-02-04T00:00:00.000000+00:00,utility,kwh,,stale,,,,,,
SME-B-2,SME-B,2026-02-15T00:00:00.000000+00:00,bank,net_inflow,30000.0,selected,cash-b-v2,2,2026-02-10T00:00:00.000000+00:00,2026-02-12T00:00:00.000000+00:00,2026-02-13T00:00:00.000000+00:00,2026-02-13T00:00:00.000000+00:00
SME-B-2,SME-B,2026-02-15T00:00:00.000000+00:00,tax,invoice_revenue,,not_available,,,,,,
SME-B-2,SME-B,2026-02-15T00:00:00.000000+00:00,utility,kwh,,stale,,,,,,
SME-B-3,SME-B,2026-02-20T00:00:00.000000+00:00,bank,net_inflow,30000.0,selected,cash-b-v2,2,2026-02-10T00:00:00.000000+00:00,2026-02-12T00:00:00.000000+00:00,2026-02-13T00:00:00.000000+00:00,2026-02-13T00:00:00.000000+00:00
SME-B-3,SME-B,2026-02-20T00:00:00.000000+00:00,tax,invoice_revenue,,not_available,,,,,,
SME-B-3,SME-B,2026-02-20T00:00:00.000000+00:00,utility,kwh,,stale,,,,,,
SME-B-4,SME-B,2026-03-15T00:00:00.000000+00:00,bank,net_inflow,30000.0,selected,cash-b-v2,2,2026-02-10T00:00:00.000000+00:00,2026-02-12T00:00:00.000000+00:00,2026-02-13T00:00:00.000000+00:00,2026-02-13T00:00:00.000000+00:00
SME-B-4,SME-B,2026-03-15T00:00:00.000000+00:00,tax,invoice_revenue,90000.0,selected,tax-b,1,2026-01-31T00:00:00.000000+00:00,2026-02-05T00:00:00.000000+00:00,2026-03-01T00:00:00.000000+00:00,2026-03-01T00:00:00.000000+00:00
SME-B-4,SME-B,2026-03-15T00:00:00.000000+00:00,utility,kwh,1300.0,selected,power-b,1,2026-02-01T00:00:00.000000+00:00,2026-02-03T00:00:00.000000+00:00,2026-03-02T00:00:00.000000+00:00,2026-03-02T00:00:00.000000+00:00
SME-B-5,SME-B,2026-03-25T00:00:00.000000+00:00,bank,net_inflow,30000.0,selected,cash-b-v2,2,2026-02-10T00:00:00.000000+00:00,2026-02-12T00:00:00.000000+00:00,2026-02-13T00:00:00.000000+00:00,2026-02-13T00:00:00.000000+00:00
SME-B-5,SME-B,2026-03-25T00:00:00.000000+00:00,tax,invoice_revenue,90000.0,selected,tax-b,1,2026-01-31T00:00:00.000000+00:00,2026-02-05T00:00:00.000000+00:00,2026-03-01T00:00:00.000000+00:00,2026-03-01T00:00:00.000000+00:00
SME-B-5,SME-B,2026-03-25T00:00:00.000000+00:00,utility,kwh,,stale,,,,,,
SME-C-1,SME-C,2026-02-04T00:00:00.000000+00:00,bank,net_inflow,,no_history,,,,,,
SME-C-1,SME-C,2026-02-04T00:00:00.000000+00:00,tax,invoice_revenue,,no_history,,,,,,
SME-C-1,SME-C,2026-02-04T00:00:00.000000+00:00,utility,kwh,,no_history,,,,,,
SME-C-2,SME-C,2026-02-15T00:00:00.000000+00:00,bank,net_inflow,,no_history,,,,,,
SME-C-2,SME-C,2026-02-15T00:00:00.000000+00:00,tax,invoice_revenue,,no_history,,,,,,
SME-C-2,SME-C,2026-02-15T00:00:00.000000+00:00,utility,kwh,,no_history,,,,,,
SME-C-3,SME-C,2026-02-20T00:00:00.000000+00:00,bank,net_inflow,,no_history,,,,,,
SME-C-3,SME-C,2026-02-20T00:00:00.000000+00:00,tax,invoice_revenue,,no_history,,,,,,
SME-C-3,SME-C,2026-02-20T00:00:00.000000+00:00,utility,kwh,,no_history,,,,,,
SME-C-4,SME-C,2026-03-15T00:00:00.000000+00:00,bank,net_inflow,,no_history,,,,,,
SME-C-4,SME-C,2026-03-15T00:00:00.000000+00:00,tax,invoice_revenue,,no_history,,,,,,
SME-C-4,SME-C,2026-03-15T00:00:00.000000+00:00,utility,kwh,,no_history,,,,,,
SME-C-5,SME-C,2026-03-25T00:00:00.000000+00:00,bank,net_inflow,,no_history,,,,,,
SME-C-5,SME-C,2026-03-25T00:00:00.000000+00:00,tax,invoice_revenue,,no_history,,,,,,
SME-C-5,SME-C,2026-03-25T00:00:00.000000+00:00,utility,kwh,,no_history,,,,,,
